Country/Other,#,Total Cases,New Cases,Total Deaths,New Deaths,Total Recovered,Active Cases,Serious/Critical,Tot Cases/ 1M pop,Deaths/ 1M pop,Total Tests,Tests/  1M pop ,Population
Asia,0.0,1080434.0,29168.0,29666.0,546.0,651407.0,399361.0,13676.0,0.0,0.0,0.0,0.0,0.0
North America,0.0,2011976.0,30789.0,121962.0,1788.0,646722.0,1243292.0,19452.0,0.0,0.0,0.0,0.0,0.0
South America,0.0,800054.0,42566.0,38178.0,1445.0,327855.0,434021.0,11226.0,0.0,0.0,0.0,0.0,0.0
Europe,0.0,1986869.0,16970.0,172531.0,963.0,963148.0,851190.0,9017.0,0.0,0.0,0.0,0.0,0.0
Africa,0.0,137544.0,5957.0,3945.0,131.0,58197.0,75402.0,356.0,0.0,0.0,0.0,0.0,0.0
Oceania,0.0,8782.0,23.0,125.0,0.0,8164.0,493.0,4.0,0.0,0.0,0.0,0.0,0.0
0,0.0,721.0,0.0,15.0,0.0,651.0,55.0,4.0,0.0,0.0,0.0,0.0,0.0
World,0.0,6026380.0,125473.0,366422.0,4873.0,2656144.0,3003814.0,53735.0,773.0,47.0,0.0,0.0,0.0
China,1.0,82995.0,0.0,4634.0,0.0,78291.0,70.0,4.0,58.0,3.0,0.0,0.0,1439323776.0
USA,2.0,1793530.0,25069.0,104542.0,1212.0,519569.0,1169419.0,17204.0,5421.0,316.0,16810778.0,50814.0,330832890.0
Brazil,3.0,468338.0,29526.0,27944.0,1180.0,193181.0,247213.0,8318.0,2205.0,132.0,930013.0,4378.0,212426274.0
Russia,4.0,387623.0,8572.0,4374.0,232.0,159257.0,223992.0,2300.0,2656.0,30.0,10000061.0,68527.0,145929167.0
Spain,5.0,285644.0,658.0,27121.0,2.0,196958.0,61565.0,617.0,6110.0,580.0,3556567.0,76071.0,46753246.0
UK,6.0,271222.0,2095.0,38161.0,324.0,0.0,0.0,1559.0,3997.0,562.0,4043686.0,59593.0,67854937.0
Italy,7.0,232248.0,516.0,33229.0,87.0,152844.0,46175.0,475.0,3841.0,550.0,3755279.0,62102.0,60469262.0
France,8.0,186797.0,559.0,28714.0,52.0,67803.0,90280.0,1361.0,2862.0,440.0,1384633.0,21217.0,65261155.0
Germany,9.0,183019.0,567.0,8594.0,24.0,164100.0,10325.0,729.0,2185.0,103.0,3952971.0,47194.0,83760886.0
India,10.0,173491.0,8105.0,4980.0,269.0,82627.0,85884.0,8944.0,126.0,4.0,3483838.0,2527.0,1378789216.0
Turkey,11.0,162120.0,1141.0,4489.0,28.0,125963.0,31668.0,662.0,1924.0,53.0,1964364.0,23314.0,84257335.0
Peru,12.0,148285.0,6506.0,4230.0,131.0,62791.0,81264.0,926.0,4503.0,128.0,963617.0,29263.0,32929707.0
Iran,13.0,146668.0,2819.0,7677.0,50.0,114931.0,24060.0,2547.0,1748.0,92.0,896571.0,10687.0,83894952.0
Chile,14.0,90638.0,3695.0,944.0,54.0,38598.0,51096.0,1350.0,4745.0,49.0,546506.0,28610.0,19101613.0
Canada,15.0,89418.0,906.0,6979.0,102.0,47518.0,34921.0,1618.0,2371.0,185.0,1596449.0,42332.0,37712703.0
Saudi Arabia,16.0,81766.0,1581.0,458.0,17.0,57013.0,24295.0,384.0,2352.0,13.0,787465.0,22652.0,34763636.0
Mexico,17.0,81400.0,3377.0,9044.0,447.0,56638.0,15718.0,378.0,632.0,70.0,244858.0,1901.0,128810940.0
Pakistan,18.0,64028.0,2801.0,1317.0,57.0,22305.0,40406.0,111.0,290.0,6.0,520017.0,2359.0,220485909.0
Belgium,19.0,58061.0,212.0,9430.0,42.0,15682.0,32949.0,187.0,5012.0,814.0,836879.0,72237.0,11585252.0
Qatar,20.0,52907.0,1993.0,36.0,3.0,20604.0,32267.0,216.0,18393.0,13.0,212897.0,74012.0,2876510.0
Netherlands,21.0,46126.0,176.0,5931.0,28.0,0.0,0.0,180.0,2692.0,346.0,348256.0,20328.0,17131629.0
Bangladesh,22.0,42844.0,2523.0,582.0,23.0,9015.0,33247.0,1.0,260.0,4.0,287067.0,1745.0,164542316.0
Belarus,23.0,40764.0,906.0,224.0,5.0,17390.0,23150.0,92.0,4314.0,24.0,512418.0,54227.0,9449585.0
Ecuador,24.0,38571.0,100.0,3334.0,21.0,19190.0,16047.0,220.0,2189.0,189.0,113808.0,6460.0,17618288.0
Sweden,25.0,36476.0,749.0,4350.0,84.0,4971.0,27155.0,289.0,3614.0,431.0,238800.0,23658.0,10093745.0
Singapore,26.0,33860.0,611.0,23.0,0.0,19631.0,14206.0,8.0,5792.0,4.0,334691.0,57249.0,5846269.0
UAE,27.0,33170.0,638.0,260.0,2.0,17097.0,15813.0,1.0,3357.0,26.0,2110493.0,213622.0,9879555.0
Portugal,28.0,31946.0,350.0,1383.0,14.0,18911.0,11652.0,66.0,3132.0,136.0,795838.0,78030.0,10199174.0
Switzerland,29.0,30828.0,32.0,1919.0,0.0,28300.0,609.0,32.0,3564.0,222.0,390697.0,45172.0,8649038.0
South Africa,30.0,29240.0,1837.0,611.0,34.0,15093.0,13536.0,128.0,494.0,10.0,680175.0,11482.0,59240605.0
Colombia,31.0,26688.0,1322.0,853.0,31.0,6913.0,18922.0,136.0,525.0,17.0,283346.0,5574.0,50834077.0
Indonesia,32.0,25216.0,678.0,1520.0,24.0,6492.0,17204.0,0.0,92.0,6.0,300545.0,1100.0,273263419.0
Kuwait,33.0,25184.0,1072.0,194.0,9.0,9273.0,15717.0,191.0,5905.0,45.0,282341.0,66203.0,4264746.0
Ireland,34.0,24876.0,35.0,1645.0,6.0,22089.0,1142.0,47.0,5043.0,333.0,325795.0,66047.0,4932806.0
Poland,35.0,23155.0,330.0,1051.0,13.0,10692.0,11412.0,160.0,612.0,28.0,873456.0,23077.0,37850086.0
Ukraine,36.0,22811.0,429.0,679.0,10.0,8934.0,13198.0,267.0,521.0,16.0,337318.0,7709.0,43755130.0
Egypt,37.0,22082.0,1289.0,879.0,34.0,5511.0,15692.0,41.0,216.0,9.0,135000.0,1322.0,102152100.0
Romania,38.0,18982.0,191.0,1248.0,13.0,12829.0,4905.0,182.0,986.0,65.0,421451.0,21896.0,19248085.0
Israel,39.0,16987.0,115.0,284.0,0.0,14776.0,1927.0,37.0,1847.0,31.0,565311.0,61463.0,9197590.0
Japan,40.0,16719.0,36.0,874.0,7.0,14254.0,1591.0,131.0,132.0,7.0,284763.0,2251.0,126508530.0
Austria,41.0,16655.0,27.0,668.0,0.0,15347.0,640.0,25.0,1850.0,74.0,434302.0,48246.0,9001908.0
Philippines,42.0,16634.0,1046.0,942.0,21.0,3720.0,11972.0,81.0,152.0,9.0,332689.0,3040.0,109447729.0
Dominican Republic,43.0,16531.0,463.0,488.0,3.0,9266.0,6777.0,106.0,1525.0,45.0,76930.0,7098.0,10838156.0
Argentina,44.0,15419.0,717.0,520.0,12.0,4788.0,10111.0,259.0,341.0,12.0,150486.0,3332.0,45158774.0
Afghanistan,45.0,13659.0,623.0,246.0,11.0,1259.0,12154.0,19.0,352.0,6.0,35923.0,925.0,38843762.0
Panama,46.0,12531.0,400.0,326.0,6.0,7540.0,4665.0,79.0,2908.0,76.0,63202.0,14669.0,4308467.0
Denmark,47.0,11593.0,81.0,568.0,0.0,10240.0,785.0,18.0,2002.0,98.0,606574.0,104754.0,5790443.0
S. Korea,48.0,11402.0,58.0,269.0,0.0,10363.0,770.0,15.0,222.0,5.0,885120.0,17265.0,51265441.0
Serbia,49.0,11354.0,54.0,242.0,1.0,6524.0,4588.0,8.0,1299.0,28.0,239234.0,27371.0,8740269.0
Bahrain,50.0,10449.0,397.0,15.0,0.0,5700.0,4734.0,9.0,6163.0,9.0,304179.0,179408.0,1695455.0
Kazakhstan,51.0,9932.0,356.0,37.0,0.0,5057.0,4838.0,62.0,530.0,2.0,761727.0,40612.0,18756335.0
Oman,52.0,9820.0,811.0,41.0,1.0,2396.0,7383.0,31.0,1928.0,8.0,72000.0,14135.0,5093884.0
Nigeria,53.0,9302.0,387.0,261.0,2.0,2697.0,6344.0,7.0,45.0,1.0,58726.0,286.0,205640180.0
Czechia,54.0,9196.0,56.0,319.0,0.0,6500.0,2377.0,19.0,859.0,30.0,430564.0,40212.0,10707285.0
Algeria,55.0,9134.0,137.0,638.0,8.0,5422.0,3074.0,34.0,209.0,15.0,0.0,0.0,43776603.0
Armenia,56.0,8676.0,460.0,120.0,7.0,3297.0,5259.0,10.0,2928.0,41.0,56042.0,18915.0,2962770.0
Norway,57.0,8422.0,11.0,236.0,0.0,7727.0,459.0,8.0,1555.0,44.0,245352.0,45289.0,5417490.0
Bolivia,58.0,8387.0,619.0,293.0,13.0,738.0,7356.0,3.0,719.0,25.0,22294.0,1912.0,11658434.0
Moldova,59.0,7896.0,171.0,288.0,6.0,4278.0,3330.0,256.0,1957.0,71.0,40565.0,10054.0,4034743.0
Malaysia,60.0,7732.0,103.0,115.0,0.0,6235.0,1382.0,8.0,239.0,4.0,519944.0,16083.0,32328196.0
Morocco,61.0,7714.0,71.0,202.0,0.0,5271.0,2241.0,1.0,209.0,5.0,190061.0,5155.0,36870903.0
Ghana,62.0,7616.0,313.0,34.0,0.0,2421.0,5161.0,17.0,246.0,1.0,208328.0,6718.0,31010956.0
Australia,63.0,7173.0,23.0,103.0,0.0,6582.0,488.0,4.0,282.0,4.0,1397622.0,54867.0,25473105.0
Finland,64.0,6776.0,33.0,314.0,1.0,5500.0,962.0,10.0,1223.0,57.0,179400.0,32383.0,5539987.0
Iraq,65.0,5873.0,416.0,185.0,6.0,3044.0,2644.0,45.0,146.0,5.0,211485.0,5269.0,40135453.0
Cameroon,66.0,5436.0,0.0,177.0,2.0,3326.0,1933.0,28.0,205.0,7.0,0.0,0.0,26481233.0
Azerbaijan,67.0,4989.0,230.0,58.0,2.0,3125.0,1806.0,42.0,492.0,6.0,284669.0,28099.0,10131032.0
Honduras,68.0,4752.0,112.0,196.0,2.0,519.0,4037.0,13.0,480.0,20.0,14790.0,1495.0,9889983.0
Sudan,69.0,4521.0,175.0,233.0,38.0,816.0,3472.0,0.0,103.0,5.0,401.0,9.0,43750011.0
Guatemala,70.0,4348.0,203.0,80.0,12.0,565.0,3703.0,5.0,243.0,4.0,31427.0,1757.0,17884332.0
Luxembourg,71.0,4012.0,4.0,110.0,0.0,3815.0,87.0,4.0,6419.0,176.0,72996.0,116788.0,625031.0
Hungary,72.0,3841.0,25.0,517.0,8.0,2024.0,1300.0,24.0,398.0,54.0,180152.0,18645.0,9662389.0
Tajikistan,73.0,3686.0,123.0,47.0,0.0,1769.0,1870.0,0.0,387.0,5.0,0.0,0.0,9516984.0
Guinea,74.0,3656.0,103.0,22.0,0.0,2000.0,1634.0,24.0,279.0,2.0,14407.0,1100.0,13097504.0
Uzbekistan,75.0,3468.0,24.0,14.0,0.0,2728.0,726.0,7.0,104.0,0.4,460000.0,13762.0,33424544.0
Senegal,76.0,3429.0,81.0,41.0,2.0,1738.0,1650.0,18.0,205.0,2.0,39499.0,2365.0,16700407.0
Thailand,77.0,3076.0,11.0,57.0,0.0,2945.0,74.0,59.0,44.0,0.8,375453.0,5380.0,69784967.0
Djibouti,78.0,2914.0,0.0,20.0,0.0,1241.0,1653.0,0.0,2953.0,20.0,25257.0,25598.0,986677.0
Greece,79.0,2909.0,3.0,175.0,0.0,1374.0,1360.0,16.0,279.0,17.0,174844.0,16768.0,10427224.0
DRC,80.0,2833.0,173.0,69.0,0.0,400.0,2364.0,0.0,32.0,0.8,0.0,0.0,89286547.0
Ivory Coast,81.0,2750.0,109.0,32.0,0.0,1370.0,1348.0,0.0,105.0,1.0,26548.0,1009.0,26314434.0
Gabon,82.0,2613.0,182.0,15.0,1.0,709.0,1889.0,15.0,1177.0,7.0,13833.0,6229.0,2220636.0
Bosnia and Herzegovina,83.0,2485.0,23.0,153.0,0.0,1803.0,529.0,4.0,757.0,47.0,63596.0,19374.0,3282476.0
Bulgaria,84.0,2485.0,8.0,136.0,2.0,1016.0,1333.0,22.0,357.0,20.0,79389.0,11419.0,6952659.0
El Salvador,85.0,2278.0,84.0,42.0,3.0,1015.0,1221.0,30.0,351.0,6.0,84650.0,13057.0,6483357.0
Croatia,86.0,2245.0,0.0,103.0,1.0,2059.0,83.0,4.0,547.0,25.0,65509.0,15949.0,4107324.0
North Macedonia,87.0,2129.0,52.0,126.0,5.0,1516.0,487.0,21.0,1022.0,60.0,27684.0,13288.0,2083381.0
Cuba,88.0,2005.0,22.0,82.0,0.0,1760.0,163.0,3.0,177.0,7.0,101108.0,8926.0,11327197.0
Estonia,89.0,1859.0,8.0,67.0,1.0,1610.0,182.0,0.0,1401.0,51.0,81719.0,61607.0,1326459.0
Somalia,90.0,1828.0,0.0,72.0,0.0,310.0,1446.0,2.0,115.0,5.0,0.0,0.0,15849098.0
Iceland,91.0,1805.0,0.0,10.0,0.0,1794.0,1.0,0.0,5292.0,29.0,60491.0,177367.0,341049.0
Kenya,92.0,1745.0,127.0,62.0,4.0,438.0,1245.0,7.0,33.0,1.0,74003.0,1379.0,53657349.0
Mayotte,93.0,1699.0,29.0,21.0,0.0,1385.0,293.0,9.0,6242.0,77.0,5200.0,19105.0,272174.0
Lithuania,94.0,1662.0,6.0,68.0,0.0,1216.0,378.0,17.0,610.0,25.0,294091.0,107914.0,2725228.0
Kyrgyzstan,95.0,1662.0,68.0,16.0,0.0,1088.0,558.0,4.0,255.0,2.0,109521.0,16813.0,6514168.0
Maldives,96.0,1591.0,78.0,5.0,0.0,197.0,1389.0,9.0,2948.0,9.0,11775.0,21820.0,539651.0
Sri Lanka,97.0,1558.0,28.0,10.0,0.0,754.0,794.0,1.0,73.0,0.5,60878.0,2844.0,21405475.0
Slovakia,98.0,1520.0,0.0,28.0,0.0,1338.0,154.0,0.0,278.0,5.0,167562.0,30692.0,5459418.0
New Zealand,99.0,1504.0,0.0,22.0,0.0,1481.0,1.0,0.0,301.0,4.0,275852.0,55147.0,5002100.0
Slovenia,100.0,1473.0,0.0,108.0,0.0,1357.0,8.0,2.0,709.0,52.0,79284.0,38137.0,2078914.0
Haiti,101.0,1443.0,123.0,35.0,1.0,22.0,1386.0,0.0,127.0,3.0,3475.0,305.0,11389903.0
Venezuela,102.0,1370.0,45.0,14.0,3.0,302.0,1054.0,3.0,48.0,0.5,961899.0,33819.0,28442623.0
Equatorial Guinea,103.0,1306.0,263.0,12.0,0.0,200.0,1094.0,0.0,934.0,9.0,854.0,611.0,1398267.0
Guinea-Bissau,104.0,1256.0,61.0,8.0,0.0,42.0,1206.0,0.0,640.0,4.0,1500.0,764.0,1963484.0
Mali,105.0,1226.0,32.0,73.0,1.0,669.0,484.0,0.0,61.0,4.0,3483.0,172.0,20192489.0
Nepal,106.0,1212.0,170.0,6.0,1.0,206.0,1000.0,0.0,42.0,0.2,169632.0,5832.0,29087562.0
Lebanon,107.0,1172.0,4.0,26.0,0.0,705.0,441.0,6.0,172.0,4.0,80239.0,11752.0,6827955.0
Albania,108.0,1099.0,23.0,33.0,0.0,851.0,215.0,5.0,382.0,11.0,14269.0,4958.0,2878060.0
Hong Kong,109.0,1080.0,13.0,4.0,0.0,1035.0,41.0,1.0,144.0,0.5,202930.0,27088.0,7491589.0
Tunisia,110.0,1071.0,3.0,48.0,0.0,946.0,77.0,2.0,91.0,4.0,50380.0,4267.0,11807501.0
Latvia,111.0,1064.0,3.0,24.0,0.0,745.0,295.0,3.0,564.0,13.0,106931.0,56642.0,1887841.0
Zambia,112.0,1057.0,0.0,7.0,0.0,779.0,271.0,1.0,58.0,0.4,24275.0,1324.0,18332690.0
Costa Rica,113.0,1022.0,22.0,10.0,0.0,653.0,359.0,2.0,201.0,2.0,25503.0,5010.0,5089969.0
South Sudan,114.0,994.0,0.0,10.0,0.0,6.0,978.0,0.0,89.0,0.9,3356.0,300.0,11181838.0
Ethiopia,115.0,968.0,137.0,8.0,1.0,197.0,763.0,4.0,8.0,0.07,101581.0,886.0,114685261.0
Niger,116.0,955.0,0.0,64.0,0.0,813.0,78.0,0.0,40.0,3.0,6020.0,250.0,24115230.0
Cyprus,117.0,942.0,1.0,17.0,0.0,784.0,141.0,4.0,781.0,14.0,111270.0,92219.0,1206584.0
Paraguay,118.0,917.0,17.0,11.0,0.0,413.0,493.0,1.0,129.0,2.0,28337.0,3977.0,7124576.0
CAR,119.0,874.0,119.0,1.0,0.0,23.0,850.0,0.0,181.0,0.2,14557.0,3019.0,4821903.0
Burkina Faso,120.0,847.0,0.0,53.0,0.0,720.0,74.0,0.0,41.0,3.0,0.0,0.0,20846391.0
Sierra Leone,121.0,829.0,17.0,45.0,0.0,386.0,398.0,0.0,104.0,6.0,0.0,0.0,7961529.0
Uruguay,122.0,816.0,5.0,22.0,0.0,680.0,114.0,6.0,235.0,6.0,42624.0,12274.0,3472692.0
Andorra,123.0,764.0,1.0,51.0,0.0,684.0,29.0,4.0,9889.0,660.0,3750.0,48541.0,77254.0
Chad,124.0,759.0,33.0,65.0,0.0,444.0,250.0,0.0,46.0,4.0,0.0,0.0,16378747.0
Nicaragua,125.0,759.0,0.0,35.0,0.0,370.0,354.0,0.0,115.0,5.0,0.0,0.0,6617408.0
Georgia,126.0,746.0,8.0,12.0,0.0,576.0,158.0,6.0,187.0,3.0,53618.0,13439.0,3989806.0
Jordan,127.0,730.0,2.0,9.0,0.0,507.0,214.0,5.0,72.0,0.9,180119.0,17669.0,10194057.0
Diamond Princess,128.0,712.0,0.0,13.0,0.0,651.0,48.0,4.0,0.0,0.0,0.0,0.0,0.0
Madagascar,129.0,698.0,42.0,5.0,3.0,164.0,529.0,9.0,25.0,0.2,10249.0,371.0,27621064.0
San Marino,130.0,671.0,1.0,42.0,0.0,344.0,285.0,1.0,19779.0,1238.0,4382.0,129167.0,33925.0
Malta,131.0,616.0,0.0,9.0,2.0,514.0,93.0,1.0,1395.0,20.0,66664.0,151014.0,441442.0
Congo,132.0,571.0,0.0,19.0,0.0,161.0,391.0,0.0,104.0,3.0,0.0,0.0,5504824.0
Jamaica,133.0,569.0,0.0,9.0,0.0,284.0,276.0,2.0,192.0,3.0,11460.0,3872.0,2960047.0
Channel Islands,134.0,560.0,0.0,45.0,0.0,512.0,3.0,0.0,3224.0,259.0,10255.0,59032.0,173720.0
Tanzania,135.0,509.0,0.0,21.0,0.0,183.0,305.0,7.0,9.0,0.4,0.0,0.0,59564340.0
Réunion,136.0,470.0,5.0,1.0,0.0,411.0,58.0,1.0,525.0,1.0,17200.0,19223.0,894749.0
Sao Tome and Principe,137.0,463.0,5.0,12.0,0.0,68.0,383.0,0.0,2116.0,55.0,175.0,800.0,218775.0
French Guiana,138.0,450.0,14.0,1.0,0.0,172.0,277.0,2.0,1510.0,3.0,0.0,0.0,297920.0
Palestine,139.0,446.0,0.0,3.0,0.0,368.0,75.0,0.0,88.0,0.6,44876.0,8817.0,5089925.0
Taiwan,140.0,442.0,1.0,7.0,0.0,420.0,15.0,0.0,19.0,0.3,71750.0,3013.0,23813096.0
Togo,141.0,428.0,6.0,13.0,0.0,202.0,213.0,0.0,52.0,2.0,19162.0,2320.0,8259905.0
Mauritania,142.0,423.0,77.0,20.0,1.0,21.0,382.0,0.0,91.0,4.0,2583.0,557.0,4637608.0
Cabo Verde,143.0,405.0,15.0,4.0,0.0,155.0,246.0,0.0,729.0,7.0,1307.0,2353.0,555443.0
Rwanda,144.0,355.0,6.0,0.0,0.0,247.0,108.0,0.0,27.0,0.0,65608.0,5078.0,12920834.0
Isle of Man,145.0,336.0,0.0,24.0,0.0,309.0,3.0,0.0,3953.0,282.0,4756.0,55957.0,84994.0
Mauritius,146.0,335.0,1.0,10.0,0.0,322.0,3.0,0.0,263.0,8.0,114236.0,89837.0,1271588.0
Uganda,147.0,329.0,12.0,0.0,0.0,72.0,257.0,0.0,7.0,0.0,93062.0,2041.0,45594205.0
Vietnam,148.0,327.0,0.0,0.0,0.0,279.0,48.0,1.0,3.0,0.0,275000.0,2827.0,97260527.0
Montenegro,149.0,324.0,0.0,9.0,0.0,315.0,0.0,0.0,516.0,14.0,10167.0,16188.0,628059.0
Yemen,150.0,283.0,5.0,65.0,8.0,11.0,207.0,0.0,10.0,2.0,120.0,4.0,29762769.0
Eswatini,151.0,279.0,0.0,2.0,0.0,168.0,109.0,0.0,241.0,2.0,4994.0,4309.0,1159085.0
Liberia,152.0,273.0,4.0,27.0,0.0,146.0,100.0,0.0,54.0,5.0,0.0,0.0,5046147.0
Malawi,153.0,273.0,70.0,4.0,0.0,42.0,227.0,1.0,14.0,0.2,3372.0,177.0,19081339.0
Mozambique,154.0,234.0,1.0,2.0,0.0,84.0,148.0,0.0,8.0,0.06,10001.0,321.0,31168238.0
Benin,155.0,224.0,14.0,3.0,0.0,136.0,85.0,0.0,19.0,0.2,30817.0,2549.0,12091909.0
Myanmar,156.0,207.0,1.0,6.0,0.0,130.0,71.0,0.0,4.0,0.1,23951.0,440.0,54377737.0
Martinique,157.0,200.0,3.0,14.0,0.0,98.0,88.0,0.0,533.0,37.0,0.0,0.0,375289.0
Faeroe Islands,158.0,187.0,0.0,0.0,0.0,187.0,0.0,0.0,3828.0,0.0,9568.0,195877.0,48847.0
Mongolia,159.0,179.0,18.0,0.0,0.0,43.0,136.0,11.0,55.0,0.0,13594.0,4153.0,3273383.0
Guadeloupe,160.0,162.0,1.0,14.0,0.0,138.0,10.0,1.0,405.0,35.0,4137.0,10339.0,400118.0
Gibraltar,161.0,161.0,3.0,0.0,0.0,148.0,13.0,0.0,4779.0,0.0,7315.0,217114.0,33692.0
Guyana,162.0,150.0,0.0,11.0,0.0,67.0,72.0,2.0,191.0,14.0,1586.0,2017.0,786222.0
Zimbabwe,163.0,149.0,0.0,4.0,0.0,28.0,117.0,0.0,10.0,0.3,40847.0,2752.0,14842996.0
Brunei ,164.0,141.0,0.0,2.0,0.0,138.0,1.0,2.0,323.0,5.0,18962.0,43381.0,437104.0
Cayman Islands,165.0,141.0,1.0,1.0,0.0,68.0,72.0,0.0,2148.0,15.0,11139.0,169667.0,65652.0
Bermuda,166.0,140.0,0.0,9.0,0.0,92.0,39.0,2.0,2247.0,144.0,6941.0,111418.0,62297.0
Cambodia,167.0,124.0,0.0,0.0,0.0,122.0,2.0,1.0,7.0,0.0,19457.0,1165.0,16697744.0
Syria,168.0,122.0,0.0,4.0,0.0,43.0,75.0,0.0,7.0,0.2,0.0,0.0,17459220.0
Libya,169.0,118.0,13.0,5.0,0.0,41.0,72.0,0.0,17.0,0.7,5154.0,751.0,6862735.0
Trinidad and Tobago,170.0,116.0,0.0,8.0,0.0,108.0,0.0,0.0,83.0,6.0,3122.0,2231.0,1399098.0
Bahamas,171.0,102.0,2.0,11.0,0.0,48.0,43.0,1.0,260.0,28.0,2087.0,5312.0,392908.0
Aruba,172.0,101.0,0.0,3.0,0.0,98.0,0.0,0.0,946.0,28.0,2117.0,19836.0,106727.0
Monaco,173.0,98.0,0.0,4.0,0.0,90.0,4.0,2.0,2499.0,102.0,0.0,0.0,39217.0
Barbados,174.0,92.0,0.0,7.0,0.0,76.0,9.0,1.0,320.0,24.0,5272.0,18347.0,287345.0
Comoros,175.0,87.0,0.0,2.0,0.0,24.0,61.0,0.0,100.0,2.0,0.0,0.0,867826.0
Liechtenstein,176.0,82.0,0.0,1.0,0.0,55.0,26.0,0.0,2151.0,26.0,900.0,23610.0,38119.0
Angola,177.0,81.0,7.0,4.0,0.0,18.0,59.0,0.0,2.0,0.1,10000.0,305.0,32762654.0
Sint Maarten,178.0,77.0,0.0,15.0,0.0,60.0,2.0,1.0,1798.0,350.0,450.0,10506.0,42832.0
French Polynesia,179.0,60.0,0.0,0.0,0.0,60.0,0.0,0.0,214.0,0.0,4006.0,14268.0,280766.0
Macao,180.0,45.0,0.0,0.0,0.0,45.0,0.0,0.0,69.0,0.0,0.0,0.0,648524.0
Burundi,181.0,42.0,0.0,1.0,0.0,20.0,21.0,0.0,4.0,0.08,284.0,24.0,11855161.0
Saint Martin,182.0,40.0,0.0,3.0,0.0,33.0,4.0,1.0,1036.0,78.0,553.0,14325.0,38604.0
Eritrea,183.0,39.0,0.0,0.0,0.0,39.0,0.0,0.0,11.0,0.0,0.0,0.0,3541919.0
Botswana,184.0,35.0,0.0,1.0,0.0,20.0,14.0,0.0,15.0,0.4,17991.0,7665.0,2347107.0
Bhutan,185.0,31.0,0.0,0.0,0.0,6.0,25.0,0.0,40.0,0.0,16547.0,21466.0,770842.0
St. Vincent Grenadines,186.0,26.0,1.0,0.0,0.0,14.0,12.0,0.0,234.0,0.0,472.0,4256.0,110910.0
Antigua and Barbuda,187.0,25.0,0.0,3.0,0.0,19.0,3.0,1.0,255.0,31.0,183.0,1870.0,97857.0
Gambia,188.0,25.0,0.0,1.0,0.0,20.0,4.0,0.0,10.0,0.4,1756.0,729.0,2409904.0
Timor-Leste,189.0,24.0,0.0,0.0,0.0,24.0,0.0,0.0,18.0,0.0,1290.0,980.0,1316071.0
Grenada,190.0,23.0,0.0,0.0,0.0,18.0,5.0,4.0,204.0,0.0,3007.0,26734.0,112478.0
Namibia,191.0,23.0,1.0,0.0,0.0,14.0,9.0,0.0,9.0,0.0,3412.0,1345.0,2536578.0
Laos,192.0,19.0,0.0,0.0,0.0,16.0,3.0,0.0,3.0,0.0,6141.0,845.0,7265839.0
New Caledonia,193.0,19.0,0.0,0.0,0.0,18.0,1.0,0.0,67.0,0.0,6416.0,22492.0,285253.0
Belize,194.0,18.0,0.0,2.0,0.0,16.0,0.0,0.0,45.0,5.0,1572.0,3960.0,396949.0
Curaçao,195.0,18.0,0.0,1.0,0.0,14.0,3.0,0.0,110.0,6.0,572.0,3487.0,164035.0
Fiji,196.0,18.0,0.0,0.0,0.0,15.0,3.0,0.0,20.0,0.0,2431.0,2714.0,895872.0
Saint Lucia,197.0,18.0,0.0,0.0,0.0,18.0,0.0,0.0,98.0,0.0,1012.0,5513.0,183554.0
Dominica,198.0,16.0,0.0,0.0,0.0,16.0,0.0,0.0,222.0,0.0,433.0,6016.0,71971.0
Saint Kitts and Nevis,199.0,15.0,0.0,0.0,0.0,15.0,0.0,0.0,282.0,0.0,394.0,7411.0,53166.0
Falkland Islands,200.0,13.0,0.0,0.0,0.0,13.0,0.0,0.0,3746.0,0.0,503.0,144957.0,3470.0
Greenland,201.0,13.0,0.0,0.0,0.0,11.0,2.0,0.0,229.0,0.0,2030.0,35763.0,56762.0
Suriname,202.0,12.0,0.0,1.0,0.0,9.0,2.0,0.0,20.0,2.0,782.0,1334.0,586164.0
Turks and Caicos,203.0,12.0,0.0,1.0,0.0,10.0,1.0,0.0,310.0,26.0,129.0,3336.0,38669.0
Vatican City,204.0,12.0,0.0,0.0,0.0,2.0,10.0,0.0,14981.0,0.0,0.0,0.0,801.0
Montserrat,205.0,11.0,0.0,1.0,0.0,10.0,0.0,0.0,2204.0,200.0,36.0,7212.0,4992.0
Seychelles,206.0,11.0,0.0,0.0,0.0,11.0,0.0,0.0,112.0,0.0,0.0,0.0,98294.0
MS Zaandam,207.0,9.0,0.0,2.0,0.0,0.0,7.0,0.0,0.0,0.0,0.0,0.0,0.0
Western Sahara,208.0,9.0,0.0,1.0,0.0,6.0,2.0,0.0,15.0,2.0,0.0,0.0,595905.0
British Virgin Islands,209.0,8.0,0.0,1.0,0.0,7.0,0.0,0.0,265.0,33.0,167.0,5527.0,30213.0
Papua New Guinea,210.0,8.0,0.0,0.0,0.0,8.0,0.0,0.0,0.9,0.0,2402.0,269.0,8931009.0
Caribbean Netherlands,211.0,6.0,0.0,0.0,0.0,6.0,0.0,0.0,229.0,0.0,424.0,16183.0,26201.0
St. Barth,212.0,6.0,0.0,0.0,0.0,6.0,0.0,0.0,608.0,0.0,137.0,13875.0,9874.0
Anguilla,213.0,3.0,0.0,0.0,0.0,3.0,0.0,0.0,200.0,0.0,41.0,2735.0,14991.0
Lesotho,214.0,2.0,0.0,0.0,0.0,1.0,1.0,0.0,0.9,0.0,283.0,132.0,2140745.0
Saint Pierre Miquelon,215.0,1.0,0.0,0.0,0.0,1.0,0.0,0.0,173.0,0.0,0.0,0.0,5796.0
