Country/Other,#,Total Cases,New Cases,Total Deaths,New Deaths,Total Recovered,New Recovered,Active Cases,Serious/Critical,Tot Cases/ 1M pop,Deaths/ 1M pop,Total Tests,Tests/  1M pop ,Population,1 Case every X ppl,1 Death every X ppl,1 Test every X ppl
North America,0.0,8730913.0,38076.0,307438.0,689.0,5549649.0,21821.0,2873826.0,17629.0,0.0,0.0,0.0,0.0,0.0,0.0,0.0,0.0
Asia,0.0,10295256.0,113969.0,189517.0,1689.0,8587432.0,117984.0,1518307.0,20805.0,0.0,0.0,0.0,0.0,0.0,0.0,0.0,0.0
South America,0.0,7896505.0,17252.0,248140.0,384.0,6703349.0,11427.0,945016.0,17225.0,0.0,0.0,0.0,0.0,0.0,0.0,0.0,0.0
Europe,0.0,4847722.0,44986.0,220273.0,326.0,2488904.0,10316.0,2138545.0,8146.0,0.0,0.0,0.0,0.0,0.0,0.0,0.0,0.0
Africa,0.0,1467172.0,7982.0,35199.0,119.0,1212121.0,4810.0,219852.0,1515.0,0.0,0.0,0.0,0.0,0.0,0.0,0.0,0.0
Oceania,0.0,31043.0,26.0,912.0,2.0,28227.0,6.0,1904.0,22.0,0.0,0.0,0.0,0.0,0.0,0.0,0.0,0.0
0,0.0,721.0,0.0,15.0,0.0,651.0,0.0,55.0,4.0,0.0,0.0,0.0,0.0,0.0,0.0,0.0,0.0
World,0.0,33269332.0,222291.0,1001494.0,3209.0,24570333.0,166364.0,7697505.0,65346.0,4268.0,128.5,0.0,0.0,0.0,0.0,0.0,0.0
USA,1.0,7316583.0,29022.0,209422.0,245.0,4540057.0,15949.0,2567104.0,14100.0,22073.0,632.0,104280261.0,314601.0,331468090.0,45.0,1583.0,3.0
India,2.0,6073348.0,82767.0,95574.0,1040.0,5013367.0,74679.0,964407.0,8944.0,4391.0,69.0,71257836.0,51515.0,1383234052.0,228.0,14473.0,19.0
Brazil,3.0,4732309.0,14194.0,141741.0,300.0,4050837.0,0.0,539731.0,8318.0,22226.0,666.0,17900000.0,84069.0,212920914.0,45.0,1502.0,12.0
Russia,4.0,1151438.0,7867.0,20324.0,99.0,943218.0,3068.0,187896.0,2300.0,7889.0,139.0,45100000.0,309011.0,145949614.0,127.0,7181.0,3.0
Colombia,5.0,806038.0,0.0,25296.0,0.0,700112.0,0.0,80630.0,2220.0,15801.0,496.0,3605075.0,70671.0,51011790.0,63.0,2017.0,14.0
Peru,6.0,800142.0,0.0,32142.0,0.0,657836.0,0.0,110164.0,1357.0,24188.0,972.0,3827824.0,115713.0,33080337.0,41.0,1029.0,9.0
Spain,7.0,735198.0,0.0,31232.0,0.0,0.0,0.0,0.0,1465.0,15723.0,668.0,11820505.0,252795.0,46759163.0,64.0,1497.0,4.0
Mexico,8.0,726431.0,5573.0,76243.0,399.0,521241.0,3037.0,128947.0,2631.0,5620.0,590.0,1665057.0,12882.0,129254800.0,178.0,1695.0,78.0
Argentina,9.0,702484.0,0.0,15543.0,0.0,556489.0,0.0,130452.0,3633.0,15509.0,343.0,1890190.0,41731.0,45294618.0,64.0,2914.0,24.0
South Africa,10.0,670766.0,1268.0,16398.0,22.0,603721.0,1903.0,50647.0,539.0,11276.0,276.0,4143466.0,69655.0,59485755.0,89.0,3628.0,14.0
France,11.0,538569.0,11123.0,31727.0,27.0,94891.0,0.0,411951.0,1098.0,8247.0,486.0,10556474.0,161640.0,65308374.0,121.0,2058.0,6.0
Chile,12.0,457901.0,1922.0,12641.0,50.0,431704.0,1445.0,13556.0,888.0,23905.0,660.0,3228414.0,168538.0,19155353.0,42.0,1515.0,6.0
Iran,13.0,446448.0,3362.0,25589.0,195.0,374170.0,2119.0,46689.0,4059.0,5299.0,304.0,3932571.0,46679.0,84247423.0,189.0,3292.0,21.0
UK,14.0,434969.0,5693.0,41988.0,17.0,0.0,0.0,0.0,262.0,6399.0,618.0,23188836.0,341155.0,67971618.0,156.0,1619.0,3.0
Bangladesh,15.0,359148.0,1275.0,5161.0,32.0,270491.0,1714.0,83496.0,0.0,2176.0,31.0,1909460.0,11567.0,165079856.0,460.0,31986.0,86.0
Iraq,16.0,349450.0,3481.0,8990.0,55.0,280673.0,3755.0,59787.0,533.0,8643.0,222.0,2198859.0,54384.0,40432101.0,116.0,4497.0,18.0
Saudi Arabia,17.0,333193.0,403.0,4683.0,28.0,317005.0,600.0,11505.0,1032.0,9536.0,134.0,6348385.0,181686.0,34941519.0,105.0,7461.0,6.0
Turkey,18.0,314433.0,1467.0,7997.0,68.0,275630.0,1116.0,30806.0,1583.0,3719.0,95.0,10037700.0,118712.0,84554719.0,269.0,10573.0,8.0
Pakistan,19.0,310275.0,694.0,6457.0,6.0,295613.0,280.0,8205.0,584.0,1398.0,29.0,3420654.0,15416.0,221894504.0,715.0,34365.0,65.0
Italy,20.0,309870.0,1766.0,35835.0,17.0,224417.0,724.0,49618.0,254.0,5127.0,593.0,11087064.0,183438.0,60440228.0,195.0,1687.0,5.0
Philippines,21.0,304226.0,2995.0,5344.0,60.0,252510.0,19630.0,46372.0,1758.0,2768.0,49.0,3624620.0,32973.0,109925973.0,361.0,20570.0,30.0
Germany,22.0,286338.0,1313.0,9534.0,2.0,250800.0,1300.0,26004.0,325.0,3415.0,114.0,15642654.0,186559.0,83848493.0,293.0,8795.0,5.0
Indonesia,23.0,275213.0,3874.0,10386.0,78.0,203014.0,3611.0,61813.0,0.0,1004.0,38.0,3207055.0,11696.0,274211150.0,996.0,26402.0,86.0
Israel,24.0,231026.0,3926.0,1466.0,25.0,159931.0,2394.0,69629.0,767.0,25118.0,159.0,3424497.0,372325.0,9197590.0,40.0,6274.0,3.0
Ukraine,25.0,198634.0,3130.0,3959.0,56.0,87882.0,1009.0,106793.0,177.0,4549.0,91.0,2189926.0,50148.0,43669439.0,220.0,11030.0,20.0
Canada,26.0,153058.0,1387.0,9268.0,6.0,131086.0,758.0,12704.0,97.0,4047.0,245.0,7049458.0,186390.0,37821083.0,247.0,4081.0,5.0
Ecuador,27.0,134747.0,766.0,11279.0,6.0,112296.0,9444.0,11172.0,355.0,7610.0,637.0,418785.0,23652.0,17706177.0,131.0,1570.0,42.0
Bolivia,28.0,133592.0,370.0,7828.0,28.0,93406.0,538.0,32358.0,71.0,11408.0,668.0,296371.0,25308.0,11710650.0,88.0,1496.0,40.0
Qatar,29.0,125084.0,234.0,214.0,0.0,121995.0,257.0,2875.0,52.0,44549.0,76.0,760267.0,270769.0,2807805.0,22.0,13121.0,4.0
Romania,30.0,122673.0,1438.0,4718.0,31.0,98607.0,1053.0,19348.0,535.0,6387.0,246.0,2366178.0,123198.0,19206239.0,157.0,4071.0,8.0
Morocco,31.0,117685.0,2444.0,2069.0,28.0,95591.0,1441.0,20025.0,369.0,3179.0,56.0,2553350.0,68983.0,37014305.0,315.0,17890.0,14.0
Belgium,32.0,112803.0,1827.0,9974.0,5.0,19246.0,62.0,83583.0,120.0,9723.0,860.0,3108977.0,267975.0,11601751.0,103.0,1163.0,4.0
Netherlands,33.0,111626.0,2995.0,6374.0,8.0,0.0,0.0,0.0,130.0,6511.0,372.0,2240526.0,130688.0,17144023.0,154.0,2690.0,8.0
Dominican Republic,34.0,111386.0,429.0,2095.0,2.0,85965.0,745.0,23326.0,205.0,10244.0,193.0,470261.0,43247.0,10873795.0,98.0,5190.0,23.0
Panama,35.0,110108.0,0.0,2323.0,0.0,86796.0,0.0,20989.0,116.0,25425.0,536.0,464739.0,107311.0,4330753.0,39.0,1864.0,9.0
Kazakhstan,36.0,107723.0,64.0,1699.0,0.0,102666.0,136.0,3358.0,221.0,5721.0,90.0,2895805.0,153787.0,18829955.0,175.0,11083.0,7.0
Kuwait,37.0,103544.0,345.0,601.0,4.0,94929.0,718.0,8014.0,109.0,24162.0,140.0,735918.0,171724.0,4285463.0,41.0,7131.0,6.0
Egypt,38.0,102736.0,0.0,5869.0,0.0,94374.0,0.0,2493.0,41.0,1000.0,57.0,135000.0,1313.0,102785882.0,1000.0,17513.0,761.0
Oman,39.0,97450.0,1543.0,909.0,24.0,87801.0,1036.0,8740.0,200.0,18972.0,177.0,376700.0,73336.0,5136601.0,53.0,5651.0,14.0
UAE,40.0,91469.0,851.0,412.0,1.0,80544.0,868.0,10513.0,0.0,9222.0,42.0,9426811.0,950405.0,9918727.0,108.0,24075.0,1.0
Sweden,41.0,90923.0,0.0,5880.0,0.0,0.0,0.0,0.0,15.0,8990.0,581.0,1532632.0,151530.0,10114355.0,111.0,1720.0,7.0
Guatemala,42.0,90092.0,390.0,3229.0,16.0,78698.0,414.0,8165.0,5.0,5007.0,179.0,314086.0,17456.0,17993144.0,200.0,5572.0,57.0
Poland,43.0,87330.0,1350.0,2432.0,8.0,67904.0,578.0,16994.0,124.0,2308.0,64.0,3267844.0,86367.0,37836548.0,433.0,15558.0,12.0
Japan,44.0,81055.0,0.0,1540.0,0.0,74151.0,0.0,5364.0,156.0,641.0,12.0,1938827.0,15341.0,126382145.0,1559.0,82066.0,65.0
Belarus,45.0,77609.0,320.0,818.0,5.0,74120.0,74.0,2671.0,0.0,8214.0,87.0,1825481.0,193202.0,9448569.0,122.0,11551.0,5.0
Honduras,46.0,74548.0,708.0,2288.0,17.0,26088.0,360.0,46172.0,15.0,7499.0,230.0,175053.0,17608.0,9941671.0,133.0,4345.0,57.0
Portugal,47.0,73604.0,665.0,1953.0,9.0,47647.0,267.0,24004.0,89.0,7224.0,192.0,2501955.0,245543.0,10189468.0,138.0,5217.0,4.0
Nepal,48.0,73394.0,1573.0,477.0,10.0,53898.0,885.0,19019.0,0.0,2508.0,16.0,988327.0,33778.0,29259604.0,399.0,61341.0,30.0
Ethiopia,49.0,73332.0,632.0,1170.0,5.0,30363.0,334.0,41799.0,249.0,634.0,10.0,1256182.0,10865.0,115621739.0,1577.0,98822.0,92.0
Costa Rica,50.0,72049.0,0.0,828.0,0.0,27760.0,0.0,43461.0,238.0,14113.0,162.0,219823.0,43059.0,5105206.0,71.0,6166.0,23.0
Venezuela,51.0,71940.0,0.0,600.0,0.0,61528.0,0.0,9812.0,202.0,2532.0,21.0,1927870.0,67844.0,28416321.0,395.0,47361.0,15.0
Bahrain,52.0,69361.0,586.0,242.0,3.0,62887.0,635.0,6232.0,61.0,40445.0,141.0,1407572.0,820762.0,1714957.0,25.0,7087.0,1.0
Czechia,53.0,64012.0,718.0,601.0,10.0,31220.0,284.0,32191.0,181.0,5975.0,56.0,1325289.0,123699.0,10713779.0,167.0,17827.0,8.0
Nigeria,54.0,58198.0,0.0,1106.0,0.0,49722.0,0.0,7370.0,7.0,281.0,5.0,502545.0,2424.0,207320389.0,3562.0,187451.0,413.0
Singapore,55.0,57700.0,15.0,27.0,0.0,57367.0,8.0,306.0,0.0,9844.0,5.0,2692047.0,459289.0,5861335.0,102.0,217086.0,2.0
Uzbekistan,56.0,55320.0,501.0,458.0,6.0,51829.0,507.0,3033.0,283.0,1647.0,14.0,1377915.0,41029.0,33583644.0,607.0,73327.0,24.0
Switzerland,57.0,51864.0,0.0,2064.0,0.0,42700.0,100.0,7100.0,38.0,5982.0,238.0,1326290.0,152979.0,8669759.0,167.0,4200.0,7.0
Algeria,58.0,51067.0,153.0,1714.0,3.0,35860.0,104.0,13493.0,22.0,1160.0,39.0,0.0,0.0,44036561.0,862.0,25692.0,0.0
Moldova,59.0,50875.0,341.0,1287.0,8.0,37842.0,402.0,11746.0,592.0,12619.0,319.0,260492.0,64611.0,4031682.0,79.0,3133.0,15.0
Armenia,60.0,49400.0,328.0,951.0,3.0,43613.0,37.0,4836.0,0.0,16663.0,321.0,284226.0,95874.0,2964581.0,60.0,3117.0,10.0
Ghana,61.0,46387.0,165.0,299.0,0.0,45618.0,201.0,470.0,6.0,1486.0,10.0,477192.0,15283.0,31224046.0,673.0,104428.0,65.0
Kyrgyzstan,62.0,46251.0,161.0,1063.0,0.0,42453.0,151.0,2735.0,24.0,7062.0,162.0,267718.0,40876.0,6549491.0,142.0,6161.0,24.0
Austria,63.0,42876.0,662.0,787.0,0.0,33589.0,435.0,8500.0,84.0,4754.0,87.0,1555499.0,172474.0,9018724.0,210.0,11460.0,6.0
Azerbaijan,64.0,40023.0,128.0,586.0,1.0,37655.0,132.0,1782.0,0.0,3939.0,58.0,1102401.0,108494.0,10160965.0,254.0,17340.0,9.0
Afghanistan,65.0,39227.0,35.0,1453.0,0.0,32642.0,7.0,5132.0,93.0,1002.0,37.0,110135.0,2814.0,39131909.0,998.0,26932.0,355.0
Palestine,66.0,38703.0,450.0,291.0,6.0,29068.0,1364.0,9344.0,0.0,7546.0,57.0,409770.0,79894.0,5128908.0,133.0,17625.0,13.0
Kenya,67.0,38115.0,244.0,691.0,2.0,24621.0,40.0,12803.0,44.0,705.0,13.0,540308.0,9997.0,54046586.0,1418.0,78215.0,100.0
Paraguay,68.0,37922.0,0.0,782.0,0.0,21757.0,0.0,15383.0,155.0,5301.0,109.0,267062.0,37334.0,7153297.0,189.0,9147.0,27.0
Lebanon,69.0,36254.0,1012.0,347.0,7.0,16089.0,655.0,19818.0,173.0,5317.0,51.0,806085.0,118229.0,6817981.0,188.0,19648.0,8.0
Ireland,70.0,34990.0,430.0,1802.0,0.0,23364.0,0.0,9824.0,19.0,7067.0,364.0,1133275.0,228904.0,4950882.0,141.0,2747.0,4.0
Serbia,71.0,33384.0,72.0,747.0,1.0,31536.0,0.0,1101.0,21.0,3825.0,86.0,1115095.0,127749.0,8728784.0,261.0,11685.0,8.0
Libya,72.0,32364.0,536.0,520.0,21.0,18128.0,296.0,13716.0,0.0,4695.0,75.0,201572.0,29241.0,6893375.0,213.0,13256.0,34.0
El Salvador,73.0,28630.0,215.0,826.0,0.0,22879.0,236.0,4925.0,47.0,4409.0,127.0,383771.0,59096.0,6494065.0,227.0,7862.0,17.0
Australia,74.0,27040.0,24.0,872.0,2.0,24573.0,2.0,1595.0,12.0,1057.0,34.0,7543756.0,295023.0,25570077.0,946.0,29323.0,3.0
Bosnia and Herzegovina,75.0,26920.0,123.0,822.0,2.0,19746.0,0.0,6352.0,0.0,8218.0,251.0,232973.0,71119.0,3275821.0,122.0,3985.0,14.0
Denmark,76.0,26637.0,424.0,649.0,1.0,19650.0,300.0,6338.0,28.0,4595.0,112.0,3710734.0,640100.0,5797114.0,218.0,8932.0,2.0
Hungary,77.0,24014.0,937.0,736.0,6.0,5141.0,42.0,18137.0,38.0,2487.0,76.0,690408.0,71512.0,9654381.0,402.0,13117.0,14.0
S. Korea,78.0,23611.0,95.0,401.0,2.0,21248.0,82.0,1962.0,124.0,460.0,8.0,2296517.0,44784.0,51279860.0,2172.0,127880.0,22.0
Cameroon,79.0,20735.0,0.0,418.0,0.0,19440.0,0.0,877.0,30.0,777.0,16.0,149000.0,5581.0,26698546.0,1288.0,63872.0,179.0
Bulgaria,80.0,19997.0,0.0,789.0,0.0,14160.0,0.0,5048.0,36.0,2883.0,114.0,515208.0,74284.0,6935607.0,347.0,8790.0,13.0
Ivory Coast,81.0,19629.0,29.0,120.0,0.0,19163.0,41.0,346.0,0.0,740.0,5.0,160192.0,6038.0,26529244.0,1352.0,221077.0,166.0
North Macedonia,82.0,17629.0,146.0,725.0,3.0,14581.0,65.0,2323.0,5.0,8462.0,348.0,185321.0,88953.0,2083353.0,118.0,2874.0,11.0
Greece,83.0,17444.0,216.0,379.0,3.0,9989.0,0.0,7076.0,68.0,1676.0,36.0,1278587.0,122816.0,10410614.0,597.0,27469.0,8.0
Madagascar,84.0,16285.0,28.0,229.0,0.0,14922.0,0.0,1134.0,17.0,585.0,8.0,69988.0,2513.0,27855228.0,1710.0,121639.0,398.0
Croatia,85.0,16197.0,190.0,272.0,3.0,14609.0,204.0,1316.0,23.0,3951.0,66.0,292969.0,71472.0,4099068.0,253.0,15070.0,14.0
Tunisia,86.0,16114.0,1722.0,214.0,23.0,5032.0,0.0,10868.0,74.0,1360.0,18.0,225033.0,18993.0,11848022.0,735.0,55365.0,53.0
Senegal,87.0,14909.0,40.0,308.0,2.0,12113.0,85.0,2488.0,13.0,885.0,18.0,174039.0,10331.0,16845572.0,1130.0,54693.0,97.0
Zambia,88.0,14612.0,0.0,332.0,0.0,13727.0,0.0,553.0,0.0,790.0,18.0,149728.0,8092.0,18502148.0,1266.0,55729.0,124.0
Norway,89.0,13660.0,33.0,270.0,0.0,11190.0,0.0,2200.0,2.0,2515.0,50.0,1011121.0,186163.0,5431370.0,398.0,20116.0,5.0
Sudan,90.0,13606.0,0.0,836.0,0.0,6764.0,0.0,6006.0,0.0,309.0,19.0,0.0,0.0,44086576.0,3240.0,52735.0,0.0
Albania,91.0,13259.0,106.0,377.0,2.0,7397.0,0.0,5485.0,18.0,4609.0,131.0,80323.0,27919.0,2877034.0,217.0,7631.0,36.0
Namibia,92.0,11033.0,115.0,120.0,0.0,8776.0,27.0,2137.0,14.0,4324.0,47.0,95894.0,37581.0,2551685.0,231.0,21264.0,27.0
Malaysia,93.0,10919.0,150.0,134.0,1.0,9835.0,50.0,950.0,6.0,336.0,4.0,1451697.0,44717.0,32464155.0,2973.0,242270.0,22.0
Myanmar,94.0,10734.0,743.0,226.0,28.0,2862.0,181.0,7646.0,0.0,197.0,4.0,245154.0,4498.0,54497132.0,5077.0,241138.0,222.0
DRC,95.0,10593.0,0.0,271.0,0.0,10093.0,0.0,229.0,0.0,117.0,3.0,0.0,0.0,90183306.0,8513.0,332780.0,0.0
Guinea,96.0,10548.0,36.0,66.0,1.0,9865.0,29.0,617.0,24.0,798.0,5.0,32458.0,2456.0,13214723.0,1253.0,200223.0,407.0
Montenegro,97.0,10313.0,116.0,158.0,0.0,6456.0,88.0,3699.0,17.0,16420.0,252.0,67258.0,107084.0,628085.0,61.0,3975.0,9.0
Maldives,98.0,10098.0,53.0,34.0,0.0,8847.0,93.0,1217.0,12.0,18604.0,63.0,149135.0,274763.0,542776.0,54.0,15964.0,4.0
French Guiana,99.0,9863.0,0.0,65.0,0.0,9500.0,0.0,298.0,6.0,32826.0,216.0,65214.0,217042.0,300467.0,30.0,4623.0,5.0
Finland,100.0,9682.0,105.0,343.0,0.0,7850.0,0.0,1489.0,2.0,1747.0,62.0,960659.0,173317.0,5542800.0,572.0,16160.0,6.0
Tajikistan,101.0,9646.0,41.0,75.0,0.0,8430.0,45.0,1141.0,0.0,1006.0,8.0,0.0,0.0,9587391.0,994.0,127832.0,0.0
Slovakia,102.0,9078.0,478.0,44.0,0.0,4178.0,80.0,4856.0,31.0,1663.0,8.0,445986.0,81678.0,5460282.0,601.0,124097.0,12.0
Gabon,103.0,8728.0,0.0,54.0,0.0,7934.0,0.0,740.0,2.0,3900.0,24.0,163264.0,72954.0,2237901.0,256.0,41443.0,14.0
Haiti,104.0,8723.0,0.0,227.0,0.0,6551.0,0.0,1945.0,0.0,763.0,20.0,27444.0,2400.0,11435469.0,1311.0,50377.0,417.0
Jordan,105.0,8492.0,431.0,45.0,2.0,4222.0,91.0,4225.0,13.0,830.0,4.0,1170897.0,114488.0,10227241.0,1204.0,227272.0,9.0
Luxembourg,106.0,8357.0,46.0,124.0,0.0,6976.0,0.0,1257.0,1.0,13299.0,197.0,817514.0,1301003.0,628372.0,75.0,5068.0,1.0
Mozambique,107.0,7983.0,226.0,58.0,4.0,4807.0,38.0,3118.0,0.0,254.0,2.0,134011.0,4260.0,31456454.0,3940.0,542353.0,235.0
Zimbabwe,108.0,7803.0,0.0,227.0,0.0,6067.0,0.0,1509.0,0.0,523.0,15.0,159036.0,10664.0,14913965.0,1911.0,65700.0,94.0
Uganda,109.0,7530.0,166.0,73.0,2.0,3647.0,0.0,3810.0,0.0,163.0,2.0,473456.0,10277.0,46070113.0,6118.0,631097.0,97.0
Mauritania,110.0,7462.0,0.0,161.0,0.0,7070.0,0.0,231.0,3.0,1595.0,34.0,79334.0,16960.0,4677816.0,627.0,29055.0,59.0
Jamaica,111.0,6017.0,163.0,89.0,1.0,1706.0,82.0,4222.0,6.0,2030.0,30.0,76748.0,25891.0,2964275.0,493.0,33306.0,39.0
Cabo Verde,112.0,5771.0,70.0,57.0,1.0,5031.0,13.0,683.0,0.0,10353.0,102.0,76576.0,137375.0,557422.0,97.0,9779.0,7.0
Malawi,113.0,5768.0,2.0,179.0,0.0,4206.0,21.0,1383.0,4.0,300.0,9.0,52730.0,2740.0,19243947.0,3336.0,107508.0,365.0
Cuba,114.0,5457.0,45.0,122.0,2.0,4751.0,19.0,584.0,7.0,482.0,11.0,591921.0,52267.0,11324939.0,2075.0,92827.0,19.0
Eswatini,115.0,5431.0,12.0,108.0,0.0,4821.0,19.0,502.0,11.0,4670.0,93.0,31969.0,27488.0,1163021.0,214.0,10769.0,36.0
Djibouti,116.0,5409.0,0.0,61.0,0.0,5340.0,0.0,8.0,0.0,5456.0,62.0,76076.0,76737.0,991389.0,183.0,16252.0,13.0
Slovenia,117.0,5350.0,159.0,147.0,1.0,3555.0,98.0,1648.0,31.0,2573.0,71.0,218816.0,105250.0,2079007.0,389.0,14143.0,10.0
Georgia,118.0,5254.0,294.0,28.0,0.0,1906.0,87.0,3320.0,0.0,1318.0,7.0,571486.0,143326.0,3987305.0,759.0,142404.0,7.0
Nicaragua,119.0,5073.0,0.0,149.0,0.0,2913.0,0.0,2011.0,0.0,764.0,22.0,0.0,0.0,6643242.0,1310.0,44586.0,0.0
Hong Kong,120.0,5066.0,6.0,105.0,0.0,4786.0,9.0,175.0,11.0,674.0,14.0,3311279.0,440828.0,7511506.0,1483.0,71538.0,2.0
Equatorial Guinea,121.0,5028.0,0.0,83.0,0.0,4740.0,0.0,205.0,4.0,3557.0,59.0,58976.0,41725.0,1413457.0,281.0,17030.0,24.0
Congo,122.0,5005.0,0.0,89.0,0.0,3887.0,0.0,1029.0,0.0,902.0,16.0,0.0,0.0,5549488.0,1109.0,62354.0,0.0
Suriname,123.0,4831.0,0.0,102.0,0.0,4620.0,0.0,109.0,6.0,8218.0,174.0,13628.0,23181.0,587885.0,122.0,5764.0,43.0
Rwanda,124.0,4820.0,9.0,29.0,0.0,3099.0,8.0,1692.0,0.0,370.0,2.0,488942.0,37535.0,13026421.0,2703.0,449187.0,27.0
CAR,125.0,4806.0,0.0,62.0,0.0,1840.0,0.0,2904.0,2.0,991.0,13.0,32059.0,6611.0,4849467.0,1009.0,78217.0,151.0
Angola,126.0,4718.0,46.0,174.0,3.0,1707.0,68.0,2837.0,8.0,143.0,5.0,85213.0,2574.0,33099430.0,7016.0,190227.0,388.0
Guadeloupe,127.0,4487.0,0.0,42.0,0.0,2199.0,0.0,2246.0,24.0,11214.0,105.0,47049.0,117581.0,400141.0,89.0,9527.0,9.0
Lithuania,128.0,4385.0,90.0,91.0,2.0,2327.0,8.0,1967.0,0.0,1616.0,34.0,760251.0,280239.0,2712868.0,619.0,29812.0,4.0
Trinidad and Tobago,129.0,4321.0,9.0,70.0,0.0,2234.0,49.0,2017.0,13.0,3085.0,50.0,30644.0,21880.0,1400580.0,324.0,20008.0,46.0
Syria,130.0,4072.0,34.0,192.0,4.0,1062.0,14.0,2818.0,0.0,231.0,11.0,0.0,0.0,17599011.0,4322.0,91662.0,0.0
Aruba,131.0,3844.0,12.0,25.0,0.0,2948.0,119.0,871.0,11.0,35967.0,234.0,30640.0,286690.0,106875.0,28.0,4275.0,3.0
Bahamas,132.0,3838.0,48.0,89.0,0.0,2005.0,6.0,1744.0,79.0,9738.0,226.0,19026.0,48272.0,394139.0,103.0,4429.0,21.0
Réunion,133.0,3685.0,0.0,11.0,0.0,2819.0,0.0,855.0,17.0,4109.0,12.0,35419.0,39493.0,896841.0,243.0,81531.0,25.0
Somalia,134.0,3588.0,0.0,99.0,0.0,2946.0,3.0,543.0,0.0,224.0,6.0,0.0,0.0,15995036.0,4458.0,161566.0,0.0
Gambia,135.0,3569.0,14.0,111.0,1.0,2161.0,127.0,1297.0,0.0,1467.0,46.0,17472.0,7183.0,2432251.0,681.0,21912.0,139.0
Mayotte,136.0,3541.0,0.0,40.0,0.0,2964.0,0.0,537.0,2.0,12907.0,146.0,13000.0,47387.0,274338.0,77.0,6858.0,21.0
Thailand,137.0,3523.0,1.0,59.0,0.0,3367.0,5.0,97.0,1.0,50.0,0.8,749213.0,10727.0,69842231.0,19825.0,1183767.0,93.0
Sri Lanka,138.0,3360.0,11.0,13.0,0.0,3208.0,22.0,139.0,0.0,157.0,0.6,282197.0,13165.0,21434844.0,6379.0,1648834.0,76.0
Estonia,139.0,3200.0,35.0,64.0,0.0,2506.0,7.0,630.0,0.0,2412.0,48.0,204899.0,154437.0,1326751.0,415.0,20730.0,6.0
Mali,140.0,3086.0,6.0,130.0,0.0,2420.0,10.0,536.0,0.0,151.0,6.0,52227.0,2562.0,20384510.0,6605.0,156804.0,390.0
Malta,141.0,2979.0,21.0,31.0,0.0,2358.0,54.0,590.0,0.0,6742.0,70.0,247354.0,559844.0,441827.0,148.0,14252.0,2.0
Botswana,142.0,2921.0,0.0,16.0,0.0,701.0,0.0,2204.0,1.0,1236.0,7.0,179742.0,76075.0,2362704.0,809.0,147669.0,13.0
Guyana,143.0,2725.0,0.0,74.0,0.0,1535.0,0.0,1116.0,12.0,3460.0,94.0,13453.0,17084.0,787464.0,289.0,10641.0,59.0
South Sudan,144.0,2686.0,10.0,49.0,0.0,1290.0,0.0,1347.0,0.0,239.0,4.0,12044.0,1073.0,11224853.0,4179.0,229079.0,932.0
Iceland,145.0,2623.0,22.0,10.0,0.0,2158.0,2.0,455.0,1.0,7675.0,29.0,273448.0,800087.0,341773.0,130.0,34177.0,1.0
Benin,146.0,2325.0,0.0,40.0,0.0,1960.0,0.0,325.0,0.0,191.0,3.0,186045.0,15254.0,12196373.0,5246.0,304909.0,66.0
Guinea-Bissau,147.0,2324.0,0.0,39.0,0.0,1549.0,0.0,736.0,5.0,1174.0,20.0,0.0,0.0,1978776.0,851.0,50738.0,0.0
Sierra Leone,148.0,2215.0,7.0,72.0,0.0,1681.0,2.0,462.0,0.0,276.0,9.0,0.0,0.0,8014816.0,3618.0,111317.0,0.0
Yemen,149.0,2030.0,0.0,587.0,0.0,1260.0,0.0,183.0,0.0,68.0,20.0,0.0,0.0,29978643.0,14768.0,51071.0,0.0
Uruguay,150.0,1998.0,0.0,47.0,0.0,1716.0,0.0,235.0,2.0,575.0,14.0,228335.0,65677.0,3476629.0,1740.0,73971.0,15.0
Burkina Faso,151.0,1973.0,0.0,56.0,0.0,1264.0,0.0,653.0,0.0,94.0,3.0,0.0,0.0,21035018.0,10661.0,375625.0,0.0
Andorra,152.0,1836.0,0.0,53.0,0.0,1263.0,0.0,520.0,9.0,23753.0,686.0,137457.0,1778343.0,77295.0,42.0,1458.0,1.0
New Zealand,153.0,1833.0,2.0,25.0,0.0,1749.0,4.0,59.0,1.0,366.0,5.0,948942.0,189709.0,5002100.0,2729.0,200084.0,5.0
Belize,154.0,1825.0,17.0,24.0,1.0,1165.0,31.0,636.0,2.0,4570.0,60.0,14189.0,35533.0,399319.0,219.0,16638.0,28.0
Togo,155.0,1736.0,0.0,46.0,0.0,1319.0,0.0,371.0,0.0,209.0,6.0,88374.0,10617.0,8323691.0,4795.0,180950.0,94.0
Cyprus,156.0,1696.0,12.0,22.0,0.0,1369.0,0.0,305.0,1.0,1402.0,18.0,370892.0,306659.0,1209461.0,713.0,54976.0,3.0
Latvia,157.0,1676.0,22.0,36.0,0.0,1304.0,0.0,336.0,0.0,891.0,19.0,310832.0,165244.0,1881050.0,1122.0,52251.0,6.0
French Polynesia,158.0,1579.0,0.0,6.0,0.0,1335.0,0.0,238.0,8.0,5613.0,21.0,26355.0,93691.0,281297.0,178.0,46883.0,11.0
Lesotho,159.0,1558.0,0.0,35.0,0.0,797.0,0.0,726.0,0.0,726.0,16.0,18322.0,8537.0,2146306.0,1378.0,61323.0,117.0
Liberia,160.0,1339.0,1.0,82.0,0.0,1221.0,0.0,36.0,0.0,263.0,16.0,0.0,0.0,5085227.0,3798.0,62015.0,0.0
Martinique,161.0,1290.0,0.0,20.0,0.0,98.0,0.0,1172.0,9.0,3438.0,53.0,34717.0,92531.0,375194.0,291.0,18760.0,11.0
Niger,162.0,1194.0,0.0,69.0,0.0,1107.0,0.0,18.0,0.0,49.0,3.0,21905.0,898.0,24404278.0,20439.0,353685.0,1114.0
Chad,163.0,1178.0,1.0,84.0,1.0,1005.0,0.0,89.0,0.0,71.0,5.0,0.0,0.0,16533910.0,14036.0,196832.0,0.0
Vietnam,164.0,1074.0,5.0,35.0,0.0,999.0,0.0,40.0,0.0,11.0,0.4,1009145.0,10345.0,97547385.0,90826.0,2787068.0,97.0
Sao Tome and Principe,165.0,911.0,0.0,15.0,0.0,883.0,0.0,13.0,0.0,4139.0,68.0,4814.0,21871.0,220112.0,242.0,14674.0,46.0
San Marino,166.0,727.0,0.0,42.0,0.0,676.0,0.0,9.0,3.0,21415.0,1237.0,7602.0,223931.0,33948.0,47.0,808.0,4.0
Diamond Princess,167.0,712.0,0.0,13.0,0.0,651.0,0.0,48.0,4.0,0.0,0.0,0.0,0.0,0.0,0.0,0.0,0.0
Turks and Caicos,168.0,681.0,1.0,5.0,0.0,620.0,3.0,56.0,4.0,17533.0,129.0,3089.0,79529.0,38841.0,57.0,7768.0,13.0
Channel Islands,169.0,656.0,0.0,48.0,0.0,600.0,0.0,8.0,2.0,3765.0,275.0,123884.0,710976.0,174245.0,266.0,3630.0,1.0
Sint Maarten,170.0,633.0,6.0,22.0,0.0,532.0,0.0,79.0,6.0,14724.0,512.0,2986.0,69455.0,42992.0,68.0,1954.0,14.0
Papua New Guinea,171.0,532.0,0.0,7.0,0.0,516.0,0.0,9.0,0.0,59.0,0.8,23777.0,2646.0,8986661.0,16892.0,1283809.0,378.0
Taiwan,172.0,510.0,0.0,7.0,0.0,480.0,0.0,23.0,0.0,21.0,0.3,92975.0,3902.0,23827187.0,46720.0,3403884.0,256.0
Tanzania,173.0,509.0,0.0,21.0,0.0,183.0,0.0,305.0,7.0,8.0,0.3,0.0,0.0,60124415.0,118123.0,2863067.0,0.0
Burundi,174.0,485.0,0.0,1.0,0.0,472.0,0.0,12.0,0.0,41.0,0.08,37522.0,3134.0,11971777.0,24684.0,11971777.0,319.0
Comoros,175.0,478.0,0.0,7.0,0.0,458.0,0.0,13.0,0.0,547.0,8.0,0.0,0.0,873913.0,1828.0,124845.0,0.0
Faeroe Islands,176.0,460.0,0.0,0.0,0.0,423.0,6.0,37.0,1.0,9405.0,0.0,127384.0,2604564.0,48908.0,106.0,0.0,0.0
Saint Martin,177.0,383.0,16.0,8.0,0.0,273.0,0.0,102.0,11.0,9866.0,206.0,3834.0,98761.0,38821.0,101.0,4853.0,10.0
Gibraltar,178.0,379.0,7.0,0.0,0.0,341.0,6.0,38.0,0.0,11250.0,0.0,45726.0,1357298.0,33689.0,89.0,0.0,1.0
Eritrea,179.0,375.0,0.0,0.0,0.0,341.0,0.0,34.0,0.0,105.0,0.0,0.0,0.0,3558016.0,9488.0,0.0,0.0
Mauritius,180.0,367.0,0.0,10.0,0.0,343.0,0.0,14.0,0.0,288.0,8.0,246326.0,193610.0,1272278.0,3467.0,127228.0,5.0
Curaçao,181.0,360.0,23.0,1.0,0.0,141.0,7.0,218.0,1.0,2192.0,6.0,1080.0,6575.0,164254.0,456.0,164254.0,152.0
Isle of Man,182.0,340.0,0.0,24.0,0.0,314.0,0.0,2.0,0.0,3993.0,282.0,12432.0,146017.0,85141.0,250.0,3548.0,7.0
Mongolia,183.0,313.0,0.0,0.0,0.0,303.0,0.0,10.0,1.0,95.0,0.0,68149.0,20710.0,3290706.0,10513.0,0.0,48.0
Cambodia,184.0,276.0,1.0,0.0,0.0,274.0,0.0,2.0,0.0,16.0,0.0,131871.0,7862.0,16773625.0,60774.0,0.0,127.0
Bhutan,185.0,271.0,8.0,0.0,0.0,205.0,6.0,66.0,0.0,350.0,0.0,133619.0,172718.0,773626.0,2855.0,0.0,6.0
Monaco,186.0,210.0,0.0,2.0,0.0,169.0,0.0,39.0,1.0,5342.0,51.0,51953.0,1321657.0,39309.0,187.0,19655.0,1.0
Cayman Islands,187.0,210.0,0.0,1.0,0.0,207.0,0.0,2.0,0.0,3186.0,15.0,38884.0,590001.0,65905.0,314.0,65905.0,2.0
Barbados,188.0,190.0,0.0,7.0,0.0,178.0,0.0,5.0,0.0,661.0,24.0,22780.0,79246.0,287460.0,1513.0,41066.0,13.0
Bermuda,189.0,181.0,0.0,9.0,0.0,167.0,0.0,5.0,0.0,2909.0,145.0,62408.0,1002989.0,62222.0,344.0,6914.0,1.0
Brunei ,190.0,146.0,0.0,3.0,0.0,142.0,0.0,1.0,0.0,333.0,7.0,57780.0,131774.0,438477.0,3003.0,146159.0,8.0
Seychelles,191.0,143.0,0.0,0.0,0.0,140.0,0.0,3.0,0.0,1452.0,0.0,5200.0,52796.0,98493.0,689.0,0.0,19.0
Liechtenstein,192.0,117.0,0.0,1.0,0.0,110.0,0.0,6.0,0.0,3067.0,26.0,900.0,23589.0,38154.0,326.0,38154.0,42.0
Antigua and Barbuda,193.0,101.0,3.0,3.0,0.0,92.0,0.0,6.0,0.0,1029.0,31.0,2701.0,27527.0,98123.0,972.0,32708.0,36.0
Caribbean Netherlands,194.0,85.0,0.0,1.0,0.0,21.0,0.0,63.0,0.0,3234.0,38.0,2194.0,83482.0,26281.0,309.0,26281.0,12.0
British Virgin Islands,195.0,71.0,0.0,1.0,0.0,62.0,0.0,8.0,2.0,2345.0,33.0,4410.0,145645.0,30279.0,426.0,30279.0,7.0
St. Vincent Grenadines,196.0,64.0,0.0,0.0,0.0,64.0,0.0,0.0,0.0,576.0,0.0,4919.0,44305.0,111025.0,1735.0,0.0,23.0
St. Barth,197.0,48.0,3.0,0.0,0.0,25.0,0.0,23.0,0.0,4856.0,0.0,2668.0,269931.0,9884.0,206.0,0.0,4.0
Macao,198.0,46.0,0.0,0.0,0.0,46.0,0.0,0.0,0.0,71.0,0.0,4238.0,6506.0,651427.0,14161.0,0.0,154.0
Fiji,199.0,32.0,0.0,2.0,0.0,28.0,0.0,2.0,1.0,36.0,2.0,9912.0,11038.0,897999.0,28062.0,449000.0,91.0
Dominica,200.0,30.0,6.0,0.0,0.0,24.0,6.0,6.0,0.0,416.0,0.0,2612.0,36263.0,72029.0,2401.0,0.0,28.0
New Caledonia,201.0,27.0,0.0,0.0,0.0,26.0,0.0,1.0,0.0,94.0,0.0,14233.0,49739.0,286152.0,10598.0,0.0,20.0
Saint Lucia,202.0,27.0,0.0,0.0,0.0,27.0,0.0,0.0,0.0,147.0,0.0,7994.0,43486.0,183829.0,6808.0,0.0,23.0
Timor-Leste,203.0,27.0,0.0,0.0,0.0,27.0,0.0,0.0,0.0,20.0,0.0,6783.0,5122.0,1324317.0,49049.0,0.0,195.0
Grenada,204.0,24.0,0.0,0.0,0.0,24.0,0.0,0.0,0.0,213.0,0.0,6252.0,55500.0,112648.0,4694.0,0.0,18.0
Laos,205.0,23.0,0.0,0.0,0.0,22.0,0.0,1.0,0.0,3.0,0.0,49648.0,6801.0,7300468.0,317412.0,0.0,147.0
Saint Kitts and Nevis,206.0,19.0,0.0,0.0,0.0,17.0,0.0,2.0,0.0,357.0,0.0,2337.0,43855.0,53289.0,2805.0,0.0,23.0
Saint Pierre Miquelon,207.0,16.0,0.0,0.0,0.0,6.0,0.0,10.0,0.0,2765.0,0.0,1967.0,339900.0,5787.0,362.0,0.0,3.0
Greenland,208.0,14.0,0.0,0.0,0.0,14.0,0.0,0.0,0.0,247.0,0.0,7505.0,132144.0,56794.0,4057.0,0.0,8.0
Montserrat,209.0,13.0,0.0,1.0,0.0,12.0,0.0,0.0,0.0,2604.0,200.0,449.0,89926.0,4993.0,384.0,4993.0,11.0
Falkland Islands,210.0,13.0,0.0,0.0,0.0,13.0,0.0,0.0,0.0,3711.0,0.0,2261.0,645447.0,3503.0,269.0,0.0,2.0
Vatican City,211.0,12.0,0.0,0.0,0.0,12.0,0.0,0.0,0.0,14981.0,0.0,0.0,0.0,801.0,67.0,0.0,0.0
Western Sahara,212.0,10.0,0.0,1.0,0.0,8.0,0.0,1.0,0.0,17.0,2.0,0.0,0.0,600735.0,60074.0,600735.0,0.0
MS Zaandam,213.0,9.0,0.0,2.0,0.0,0.0,0.0,7.0,0.0,0.0,0.0,0.0,0.0,0.0,0.0,0.0,0.0
Anguilla,214.0,3.0,0.0,0.0,0.0,3.0,0.0,0.0,0.0,200.0,0.0,1020.0,67842.0,15035.0,5012.0,0.0,15.0
China,215.0,85351.0,14.0,4634.0,0.0,80541.0,5.0,176.0,4.0,59.0,3.0,160000000.0,111163.0,1439323776.0,16864.0,310601.0,9.0
