FIPS,Admin2,Province_State,Country_Region,Last_Update,Lat,Long_,Confirmed,Deaths,Recovered,Active,Confirmed_delta,Deaths_delta,Recovered_delta,Active_delta
4913,,Dnipropetrovska,Ukraine,2020-05-17 16:52:26,48.301142,34.844169,2,0,0,2,0,0,0,0
4912,,Donetska,Ukraine,2020-05-17 16:52:26,48.047635,37.674086,1,0,0,1,0,0,0,0
4914,,Zhytomyrskа,Ukraine,2020-05-17 16:52:26,50.639546,28.475602,2,1,0,1,0,0,0,0
4892,,Ivano-Frankivska,Ukraine,2020-05-17 16:52:26,48.701932,24.619344,2,1,0,1,1,0,0,1
4910,,Kyivska,Ukraine,2020-05-17 16:52:26,50.299214,30.455333,3,0,0,3,1,0,0,1
4895,,Lvivska,Ukraine,2020-05-17 16:52:26,49.717422,23.916561,1,0,0,1,1,0,0,1
4909,Kyiv,Kyivska,Ukraine,2020-05-17 16:52:26,50.448668,30.547911,3,0,0,3,0,0,0,0
4900,,Ternopilska,Ukraine,2020-05-17 16:52:26,49.402088,25.64818,1,0,0,1,1,0,0,1
4901,,Kharkivska,Ukraine,2020-05-17 16:52:26,49.615098,36.504888,1,0,0,1,1,0,0,1
4905,,Chernivetska,Ukraine,2020-05-17 16:52:26,48.268275,25.976996,25,1,1,23,10,0,1,9
